{
    "web": {
        "client_id": "116091748682-o17hrktk6fc2ukkacm3ctqjg4gj7t5em.apps.googleusercontent.com",
        "project_id": "common-e03c3",
        "auth_uri": "https://accounts.google.com/o/oauth2/auth",
        "token_uri": "https://oauth2.googleapis.com/token",
        "auth_provider_x509_cert_url": "https://www.googleapis.com/oauth2/v1/certs",
        "client_secret": "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",
        "redirect_uris": [
            "https://hirebus.in"
        ]
    }
}